{
	"format_version": "1.8.0",
	"animations": {
		"boss.attack": {
			"animation_length": 0.79167,
			"bones": {
				"sword": {
					"position": {
						"vector": [0, 0, 0]
					}
				},
				"RightArm": {
					"rotation": {
						"0.0": {
							"vector": [0, 0, 0]
						},
						"0.2083": {
							"vector": [0, 87.5, 0]
						},
						"0.2917": {
							"vector": [-87.33749, 50.62593, -40.41405]
						},
						"0.4167": {
							"vector": [-67.12646, 34.91143, -51.03139]
						},
						"0.5": {
							"vector": [-9.10876, 29.97797, -50.06731]
						},
						"0.75": {
							"vector": [0, 0, 0]
						}
					}
				}
			}
		},
		"boss.charged.attck": {
			"animation_length": 1.625,
			"bones": {
				"sword": {
					"rotation": {
						"0.0": {
							"vector": [0, 0, 0]
						},
						"0.7917": {
							"vector": [0, 82.5, 0]
						},
						"1.0833": {
							"vector": [0, 45, 0]
						},
						"1.3333": {
							"vector": [0, 7.5, 0]
						},
						"1.5833": {
							"vector": [0, 0, 0]
						}
					},
					"position": {
						"0.0": {
							"vector": [0, 0, 0]
						},
						"0.7917": {
							"vector": [0, 2, 0]
						},
						"1.0833": {
							"vector": [0, 0, -2]
						},
						"1.3333": {
							"vector": [0, 1, -1]
						},
						"1.5833": {
							"vector": [0, 0, 0]
						}
					}
				},
				"RightArm": {
					"rotation": {
						"0.0": {
							"vector": [0, 0, 0]
						},
						"0.125": {
							"vector": [-96.28002, 27.42728, -23.43989]
						},
						"0.4167": {
							"vector": [-41.03779, 20.82496, -32.29549]
						},
						"0.6667": {
							"vector": [6.42596, -13.14768, 69.55796]
						},
						"0.7917": {
							"vector": [-3.57404, -13.14768, 69.55796]
						},
						"0.9583": {
							"vector": [-13.57404, -13.14768, 69.55796]
						},
						"1.1667": {
							"vector": [-21.07404, -13.14768, 69.55796]
						},
						"1.375": {
							"vector": [-3.57404, -13.14768, 69.55796]
						},
						"1.5833": {
							"vector": [-8, 13, 2]
						}
					}
				}
			}
		}
	}
}